pop,region
Barrington,North
Barrington,North
Barrington,North
Barrington,North
Barrington,North
Broadwater,South
Broadwater,South
Broadwater,South
Broadwater,South
Broadwater,South
Broadwater,South
Broadwater,South
Broadwater,South
Broadwater,South
Broadwater,South
Broadwater,South
Broadwater,South
Broadwater,South
Broadwater,South
Broadwater,South
Broadwater,South
Broadwater,South
Cumberland,Central
Cumberland,Central
Cumberland,Central
Cumberland,Central
Cumberland,Central
Cumberland,Central
Cumberland,Central
Cumberland,Central
Cumberland,Central
Cumberland,Central
Cumberland,Central
Cumberland,Central
Dampier,South
Dampier,South
Dampier,South
Dampier,South
Dampier,South
Dampier,South
Dampier,South
Dampier,South
Dampier,South
Dampier,South
Dampier,South
Dampier,South
Dampier,South
Dampier,South
Dampier,South
Dampier,South
Dorrigo,North
Dorrigo,North
Dorrigo,North
Dorrigo,North
Dorrigo,North
Dorrigo,North
Dorrigo,North
Dorrigo,North
Dorrigo,North
Dorrigo,North
Dorrigo,North
Dorrigo,North
Dorrigo,North
Dorrigo,North
Kerewong,North
Kerewong,North
Kerewong,North
Kerewong,North
Kerewong,North
Kerewong,North
Kerewong,North
Kerewong,North
Kerewong,North
Kerewong,North
Kerewong,North
Kerewong,North
MaresForest,Central
MaresForest,Central
MaresForest,Central
MaresForest,Central
MaresForest,Central
MaresForest,Central
MaresForest,Central
MaresForest,Central
MaresForest,Central
MaresForest,Central
MaresForest,Central
MtWilson,Central
MtWilson,Central
MtWilson,Central
MtWilson,Central
MtWilson,Central
MtWilson,Central
MtWilson,Central
MtWilson,Central
MtWilson,Central
MtWilson,Central
MtWilson,Central
MtWilson,Central
MtWilson,Central
Olney,Central
Olney,Central
Olney,Central
Olney,Central
Olney,Central
Olney,Central
Olney,Central
Olney,Central
Olney,Central
Olney,Central
Olney,Central
Olney,Central
Olney,Central
Olney,Central
Olney,Central
Olney,Central
Termeil,South
Termeil,South
Termeil,South
Termeil,South
Termeil,South
Termeil,South
Termeil,South
Termeil,South
Termeil,South
Termeil,South