old,id,pop,sex,genotype,tree,gallery,region,organism,lon,lat,elev
B3AM,BW3am,Broadwater,male,1,3,a,South,Austroplatypus,149.9026333,-37.0116,160
B9AF,BW9af,Broadwater,female,1,9,a,South,Austroplatypus,149.9026333,-37.0116,160
B10AF,BW10af,Broadwater,female,1,10,a,South,Austroplatypus,149.9027,-37.011583,160
B11CF2,BW11cf,Broadwater,female,1,11,c,South,Austroplatypus,149.9028333,-37.011733,168
B19CF,BW19cf,Broadwater,female,1,19,c,South,Austroplatypus,149.9027,-37.011583,160
B19DFB,BW19df,Broadwater,female,1,19,f,South,Austroplatypus,149.9028333,-37.011733,168
B20BF,BW20bf,Broadwater,female,1,20,f,South,Austroplatypus,149.9027,-37.011583,160
B24BM,BW24bm,Broadwater,female,1,24,b,South,Austroplatypus,149.9028333,-37.011733,168
B27AFB,BW27af,Broadwater,female,1,27,a,South,Austroplatypus,149.9026333,-37.0116,160
B31AM,BW31am,Broadwater,male,1,31,a,South,Austroplatypus,149.9026333,-37.0116,160
B32AM,BW32am,Broadwater,male,1,32,a,South,Austroplatypus,149.9027,-37.011583,160
B32BF,BW32bf,Broadwater,female,1,32,b,South,Austroplatypus,149.902833,-37.011733,168
D1AF1,Da1af,Dampier,female,2,1,a,South,Austroplatypus,149.8720167,-36.092783,317
D3F1,Da3af,Dampier,female,2,3,a,South,Austroplatypus,149.87195,-36.092817,263
D4F1,Da4af,Dampier,female,2,4,a,South,Austroplatypus,149.8719164,-36.092783,257
D9F1,Da9af,Dampier,female,2,9,a,South,Austroplatypus,149.8721833,-36.0929,254
D11F1,Da11af,Dampier,female,2,11,a,South,Austroplatypus,149.8718333,-36.093067,242
D14F1,Da14af,Dampier,female,2,14,a,South,Austroplatypus,149.8725497,-36.092667,251
D15F1,Da15af,Dampier,female,2,15,a,South,Austroplatypus,149.8720333,-36.092117,263
D17F1,Da17af,Dampier,female,2,17,a,South,Austroplatypus,149.8719167,-36.091967,265
D18F1,Da18af,Dampier,female,2,18,a,South,Austroplatypus,149.8719667,-36.09185,267
D19F1,Da19af,Dampier,female,2,19,a,South,Austroplatypus,149.8721,-36.091917,267
D20AF1,Da20af,Dampier,female,2,20,a,South,Austroplatypus,149.8721167,-36.091917,267
N1AF,Do1af,Dorrigo,female,3,1,a,North,Austroplatypus,152.7983,-30.362217,745
N1BM,Do1bm,Dorrigo,male,3,1,b,North,Austroplatypus,152.7983,-30.362217,745
N2AF,Do2af,Dorrigo,female,3,2,a,North,Austroplatypus,152.7980167,-30.362433,743
N2CM,Do2cm,Dorrigo,male,3,2,c,North,Austroplatypus,152.7980167,-30.362433,743
N3AF,Do3af,Dorrigo,female,3,3,a,North,Austroplatypus,152.7984333,-30.362117,737
N4AF,Do4af,Dorrigo,female,3,4,a,North,Austroplatypus,152.7985167,-30.362517,739
N5AF,Do5af,Dorrigo,female,3,5,a,North,Austroplatypus,152.7986997,-30.36255,742
N5BM,Do5bm,Dorrigo,male,3,5,b,North,Austroplatypus,152.7986997,-30.36255,742
N6AF,Do6af,Dorrigo,female,3,6,a,North,Austroplatypus,152.7982,-30.362867,765
N6AM,Do6am,Dorrigo,male,3,6,a,North,Austroplatypus,152.7982,-30.362867,765
N6BF,Do6bf,Dorrigo,female,3,6,b,North,Austroplatypus,152.7982,-30.362867,765
N7AF,Do7af,Dorrigo,female,3,7,a,North,Austroplatypus,152.7980167,-30.3629,763
N7AM,Do7am,Dorrigo,male,3,7,a,North,Austroplatypus,152.7980167,-30.3629,763
N8BM,Do8bm,Dorrigo,male,3,8,a,North,Austroplatypus,152.79855,-30.363167,766
N8BF,Do8bf,Dorrigo,female,3,8,b,North,Austroplatypus,152.79855,-30.363167,766
KO3E1,Ke3ef,Kerewong,female,4,3,e,North,Austroplatypus,152.560996,-31.60764,325
KO6B1,Ke6bf,Kerewong,female,4,6,b,North,Austroplatypus,152.560996,-31.60764,325
K6B6M,Ke6mb,Kerewong,male,4,6,b,North,Austroplatypus,152.560996,-31.60764,325
KO6OD11,Ke6df,Kerewong,female,4,6,d,North,Austroplatypus,152.560996,-31.60764,325
K06E1,Ke6ef,Kerewong,female,4,6,e,North,Austroplatypus,152.560996,-31.60764,325
K8A3M,Ke8am2,Kerewong,male,4,8,a,North,Austroplatypus,152.560996,-31.60764,325
K17A,Ke17am,Kerewong,female,4,17,a,North,Austroplatypus,152.560996,-31.60764,325
K18D1M,Ke18dm,Kerewong,male,4,18,d,North,Austroplatypus,152.560996,-31.60764,325
K20B3M,Ke20bm,Kerewong,male,4,20,b,North,Austroplatypus,152.560996,-31.60764,325
K20B3MB,Ke20bm2,Kerewong,male,4,20,b,North,Austroplatypus,152.560996,-31.60764,325
K21B3MB,Ke21bm,Kerewong,male,4,21,b,North,Austroplatypus,152.560996,-31.60764,325
MW2AF,MW2af,MtWilson,female,6,2,a,Central,Austroplatypus,150.4030667,-33.495483,902
MW3A,MW3am,MtWilson,male,6,3,a,Central,Austroplatypus,150.40305,-33.495467,973
MW3BF,MW3bf,MtWilson,female,6,3,b,Central,Austroplatypus,150.40305,-33.495467,973
MW4A,MW4am,MtWilson,male,6,4,a,Central,Austroplatypus,150.403,-33.495517,864
MW5A,MW5am,MtWilson,male,6,5,a,Central,Austroplatypus,150.4029331,-33.4955,953
MW5B,MW5bm,MtWilson,male,6,5,b,Central,Austroplatypus,150.4029331,-33.4955,953
MW9C,MW9cm,MtWilson,male,6,9,c,Central,Austroplatypus,150.4013333,-33.495867,934
MW12B,MW12bm,MtWilson,male,6,12,b,Central,Austroplatypus,150.40245,-33.496117,912
OY13,Ol1cf,Olney,female,7,1,c,Central,Austroplatypus,151.3517667,-33.09665,404
OY42,Ol4bf,Olney,female,7,4,b,Central,Austroplatypus,151.3515,-33.096417,417
OY42M,Ol4bm,Olney,male,7,4,b,Central,Austroplatypus,151.3515,-33.096417,417
OY51M,Ol5am,Olney,male,7,5,a,Central,Austroplatypus,151.3516,-33.096317,415
OY61,Ol6af,Olney,female,7,6,a,Central,Austroplatypus,151.3515667,-33.0963,415
OY123,Ol12cf,Olney,female,7,12,c,Central,Austroplatypus,151.3521,-33.095533,405
OY125,Ol12ef,Olney,female,7,12,c,Central,Austroplatypus,151.3521,-33.095533,405
OY124M,Ol12dm,Olney,male,7,12,d,Central,Austroplatypus,151.3521,-33.095533,405
OY125M,Ol12em,Olney,male,7,12,e,Central,Austroplatypus,151.3521,-33.095533,405
OY131M,Ol13am,Olney,male,7,13,a,Central,Austroplatypus,151.35215,-33.0955,401
OY202M,Ol20bm,Olney,male,7,20,b,Central,Austroplatypus,151.35005,-33.097783,396
TSF3AM,Te3am,Termeil,male,8,3,a,South,Austroplatypus,150.3634167,-35.439667,92
TSF3BF,Te3bf,Termeil,female,8,3,b,South,Austroplatypus,150.3634167,-35.439667,92
TSF3CF,Te3cf,Termeil,female,8,3,c,South,Austroplatypus,150.3634167,-35.439667,92
TSF4M,Te4am,Termeil,male,8,4,a,South,Austroplatypus,150.3634333,-35.43975,91
TSF5M,Te5am,Termeil,male,8,5,a,South,Austroplatypus,150.3634,-35.439767,91
TSF6F,Te6af,Termeil,female,8,6,a,South,Austroplatypus,150.3637167,-35.4397,88
TSF7M,Te7am,Termeil,male,8,7,a,South,Austroplatypus,150.3637333,-35.439683,86
TSF7BF,Te7bf,Termeil,female,8,7,b,South,Austroplatypus,150.3637333,-35.439683,86
TSF9AF,Te9af,Termeil,female,8,9,a,South,Austroplatypus,150.3636833,-35.4394,92
TSF9AM,Te9am,Termeil,male,8,9,a,South,Austroplatypus,150.3636833,-35.4394,92
TSF9BM,Te9bm,Termeil,male,8,9,b,South,Austroplatypus,150.3636833,-35.4394,92
MF2AF,MF2af,MaresForest,female,5,2,a,Central,Austroplatypus,149.9493167,-34.2882,834
M2AM,MF2am,MaresForest,male,5,2,a,Central,Austroplatypus,149.9493167,-34.2882,834
M2BF,MF2bf,MaresForest,female,5,2,b,Central,Austroplatypus,149.9493167,-34.2882,834
M5BF,MF5bf,MaresForest,female,5,5,b,Central,Austroplatypus,149.9497333,-34.28835,885
M6BF,MF6bf,MaresForest,female,5,6,b,Central,Austroplatypus,149.94985,-34.28835,886
M6CF,MF6cf,MaresForest,female,5,6,c,Central,Austroplatypus,149.94985,-34.28835,886
M6CM,MF6cm,MaresForest,male,5,6,c,Central,Austroplatypus,149.94985,-34.28835,886
M9AM,MF9am,MaresForest,male,5,9,a,Central,Austroplatypus,149.9437167,-34.283783,918
M13F,MF13af,MaresForest,female,5,13,a,Central,Austroplatypus,149.9438,-34.28375,918
M13M,MF13am,MaresForest,male,5,13,a,Central,Austroplatypus,149.9438,-34.28375,918
M15AM,MF15am,MaresForest,male,5,15,a,Central,Austroplatypus,149.9437833,-34.28365,916
M15BF,MF15bf,MaresForest,female,5,15,b,Central,Austroplatypus,149.9437833,-34.28365,916
M16AF,MF16af,MaresForest,female,5,16,a,Central,Austroplatypus,149.9435667,-34.283483,916
M17AM,MF17am,MaresForest,male,5,17,a,Central,Austroplatypus,149.9435667,-34.283533,968
Ba4aM,BT4a2,NthBarrington,male,9,4,a,North,Austroplatypus,151.6354167,-31.911183,485
Ba6aF,BT6a1,NthBarrington,female,9,6,a,North,Austroplatypus,151.6312333,-31.90075,561
Ba8aF,BT8a1,SthBarrington,female,9,8,a,Central,Austroplatypus,151.518032,-32.156959,477
Ba8aF,BT8a2,SthBarrington,female,9,8,a,Central,Austroplatypus,151.518032,-32.156959,477
Ba9cF,BT9c1,SthBarrington,female,9,9,c,Central,Austroplatypus,151.518376,-32.15473,488
Ba9cF,BT9c2,SthBarrington,female,9,9,c,Central,Austroplatypus,151.518376,-32.15473,488
Ba10aF,BT10a1,SthBarrington,female,9,10,a,Central,Austroplatypus,151.503133,-32.147782,627
B11AF,BW11a1,Broadwater,female,1,11,a,South,Austroplatypus,149.9028333,-37.011733,168
B11aF,BW11a2,Broadwater,female,1,11,a,South,Austroplatypus,149.9028333,-37.011733,168
B11BM,BW11b1,Broadwater,male,1,11,b,South,Austroplatypus,149.9028333,-37.011733,168
B19DF,BW19d2,Broadwater,female,1,19,d,South,Austroplatypus,149.9027,-37.011583,160
B23AM,BW23a1,Broadwater,male,1,23,a,South,Austroplatypus,149.902,-37.012,179
B26AM,BW26a2,Broadwater,male,1,26,a,South,Austroplatypus,149.904,-37.012,179
9CB1a18,Cu1a,Cumberland,female,10,1,a,Central,Austroplatypus,151.040079,-33.743641,150
8CB2a25,Cu2a1,Cumberland,female,10,2,a,Central,Austroplatypus,151.040079,-33.743641,150
8CC1a17,Cu3a1,Cumberland,female,10,3,a,Central,Austroplatypus,151.040079,-33.743641,150
8CD1a8,Cu4a1,Cumberland,male,10,4,a,Central,Austroplatypus,151.040079,-33.743641,150
8CA5a4,Cu5d1,Cumberland,male,10,5,d,Central,Austroplatypus,151.040079,-33.743641,150
8CF1a2,Cu6a1,Cumberland,female,10,6,a,Central,Austroplatypus,151.040079,-33.743641,150
8CG2ab,Cu7a1,Cumberland,female,10,7,a,Central,Austroplatypus,151.040079,-33.743641,150
9CA6a2,Cu8a1,Cumberland,male,10,8,a,Central,Austroplatypus,151.040079,-33.743641,150
9C2Ba9,Cu9a1,Cumberland,male,10,9,a,Central,Austroplatypus,151.040079,-33.743641,150
8Cb2a27,Cu10a1,Cumberland,female,10,10,a,Central,Austroplatypus,151.040079,-33.743641,150
8CC1a3,Cu11a1,Cumberland,male,10,11,a,Central,Austroplatypus,151.040079,-33.743641,150
8CD1a9,Cu12a1,Cumberland,male,10,12,a,Central,Austroplatypus,151.040079,-33.743641,150
DSF1aeFa,Da1a2,Dampier,female,2,1,a,South,Austroplatypus,149.872,-36.0928,317.0849
DSF2a1Ma,Da2a1,Dampier,male,2,2,a,South,Austroplatypus,149.8719667,-36.092267,284
DSF4aF,Da4a1,Dampier,female,2,4,a,South,Austroplatypus,149.8719167,-36.092783,257
DSF7bM,Da7b1,Dampier,Male,2,7,b,South,Austroplatypus,149.8717167,-36.09275,244
DSF7bM,Da7b2,Dampier,Male,2,7,b,South,Austroplatypus,149.8717167,-36.09275,244
DSF91M,Da9a1,Dampier,male,2,9,a,South,Austroplatypus,149.8721833,-36.0929,254
DSF11F,Da11a2,Dampier,female,2,11,a,South,Austroplatypus,149.8718333,-36.093067,242
DSF151Fa,Da15a2,Dampier,Female,2,15,a,South,Austroplatypus,149.8720333,-36.092117,263
DSF19FMa,Da19a1,Dampier,Male,2,19,a,South,Austroplatypus,149.8721,-36.091917,276
DSFM24,Da24a1,Dampier,Male,2,24,a,South,Austroplatypus,149.8756167,-36.095167,254
29DSFM,Da29a1,Dampier,Male,2,29,a,South,Austroplatypus,149.8764833,-36.095467,236
DO1AF,Do1a2,Dorrigo,female,3,1,a,North,Austroplatypus,152.7983,-30.362217,745
DO2AM,Do2a2,Dorrigo,male,3,2,a,North,Austroplatypus,152.7980167,-30.362433,743
NN2c2M,Do2c2,Dorrigo,male,3,2,c,North,Austroplatypus,152.7980167,-30.362433,743
DO3AF,Do3a2,Dorrigo,female,3,3,a,North,Austroplatypus,152.7984333,-30.362117,737
DO4AF,Do4a1,Dorrigo,female,3,4,a,North,Austroplatypus,152.7985167,-30.362517,739
DO4AF,Do4a2,Dorrigo,female,3,4,a,North,Austroplatypus,152.7985167,-30.362517,739
NN5aRF2,Do5a2,Dorrigo,female,3,5,a,North,Austroplatypus,152.7987,-30.36255,742
DO6BF,Do6b2,Dorrigo,female,3,6,b,North,Austroplatypus,152.7982,-30.362867,765
DO7AF,Do7a2,Dorrigo,female,3,7,a,North,Austroplatypus,152.7980167,-30.3629,763
DO8BF,Do8b1,Dorrigo,female,3,8,b,North,Austroplatypus,152.79855,-30.363167,766
DO11BF,Do11b1,Dorrigo,female,3,11,b,North,Austroplatypus,152.7984667,-30.3631,757
DO11BF,Do11b2,Dorrigo,female,3,11,b,North,Austroplatypus,152.7984667,-30.3631,757
K6B6M,Ke6b2,Kerewong,male,4,6,b,North,Austroplatypus,152.560996,-31.60764,325
K8A2M,Ke8a1,Kerewong,male,4,8,a,North,Austroplatypus,152.560996,-31.60764,325
K1318M,Ke13a2,Kerewong,male,4,13,a,North,Austroplatypus,152.560996,-31.60764,325
K20BM,Ke20b1,Kerewong,male,4,20,b,North,Austroplatypus,152.560996,-31.60764,325
K21BM,Ke21b1,Kerewong,male,4,21,b,North,Austroplatypus,152.560996,-31.60764,325
K24DM,Ke24d1,Kerewong,male,4,24,d,North,Austroplatypus,152.560996,-31.60764,325
MF2a3M,MF2a2,MaresForest,male,5,2,a,Central,Austroplatypus,149.950197,-34.297557,823.125671
MF2a3M,MF2b1,MaresForest,male,5,2,b,Central,Austroplatypus,149.950197,-34.297557,823.125671
MF6B3F,MF6b1,MaresForest,female,5,6,b,Central,Austroplatypus,149.949851,-34.288352,885.762573
MF6C2F,MF6c1,MaresForest,female,5,6,c,Central,Austroplatypus,149.949851,-34.288352,885.762573
MF9a2Fd5Q,MF9a2,MaresForest,female,5,9,a,Central,Austroplatypus,149.949251,-34.289039,883.849792
MF132F,MF13a1,MaresForest,female,5,13,a,Central,Austroplatypus,149.9438,-34.28375,918
MF15M6,MF15a1,MaresForest,male,5,15,a,Central,Austroplatypus,149.943843,-34.283671,988.213562
MF16aF2,MF16a2,MaresForest,female,5,16,a,Central,Austroplatypus,149.9435667,-34.283483,916
MtW3M,MW3a2,MtWilson,male,6,3,a,Central,Austroplatypus,150.40305,-33.495467,973
MW3DRF,MW3d1,MtWilson,female,6,3,d,Central,Austroplatypus,150.40305,-33.495467,973
MW3DRF,MW3d2,MtWilson,female,6,3,d,Central,Austroplatypus,150.40305,-33.495467,973
MtW4F,MW4a1,MtWilson,female,6,4,a,Central,Austroplatypus,150.403,-33.495517,864
MW05M,MW5a1,MtWilson,male,6,5,a,Central,Austroplatypus,150.402933,-33.4955,953
MtW08AM,MW8a1,MtWilson,male,6,8,a,Central,Austroplatypus,150.40305,-33.495433,903
MtW9M,MW9a1,MtWilson,male,6,9,a,Central,Austroplatypus,150.401333,-33.495867,934
MtW9CF,MW9c1,MtWilson,female,6,9,c,Central,Austroplatypus,150.4013333,-33.495867,934
MTW10M,MW10a1,MtWilson,male,6,10,a,Central,Austroplatypus,150.4011,-33.4958,931
MTW12M,MW12a1,MtWilson,male,6,12,a,Central,Austroplatypus,150.40245,-33.496117,912
OY4M2A,Ol4a1,Olney,male,7,4,a,Central,Austroplatypus,151.3515,-33.0964,416.858
OY5F1A,Ol5a1,Olney,female,7,5,a,Central,Austroplatypus,151.3513667,-33.096233,397
OY12M4A,Ol12a1,Olney,male,7,12,a,Central,Austroplatypus,151.3521,-33.0955,405.036
OY14M4A,Ol14a1,Olney,male,7,14,a,Central,Austroplatypus,151.3521,-33.0955,400.7905
OY15F1A,Ol15a1,Olney,female,7,15,a,Central,Austroplatypus,151.3521,-33.095617,388
OY18F1A,Ol18a2,Olney,female,7,18,a,Central,Austroplatypus,151.3523167,-33.095833,397
OY21M18,Ol21a2,Olney,male,7,21,a,Central,Austroplatypus,151.3499,-33.0977,394.8842
OY23M1A,Ol23a1,Olney,male,7,23,a,Central,Austroplatypus,151.34935,-33.0981,391
TSF3Ma,Te3a1,Termeil,male,8,3,a,South,Austroplatypus,150.3634167,-35.439667,92
TSF3Mb,Te3b1,Termeil,male,8,3,b,South,Austroplatypus,150.3634167,-35.439667,92
TSF3Mc,Te3c1,Termeil,male,8,3,c,South,Austroplatypus,150.3634167,-35.439667,92
TSF4f,Te4a2,Termeil,female,8,4,a,South,Austroplatypus,150.3634333,-35.43975,91
TSF6F,Te6a2,Termeil,female,8,6,a,South,Austroplatypus,150.3637167,-35.4397,88
TSF7aF,Te7a2,Termeil,female,8,7,a,South,Austroplatypus,150.3637333,-35.439683,86
TSF7bM,Te7b2,Termeil,male,8,7,b,South,Austroplatypus,150.3637333,-35.439683,86
TSF9aM,Te9a2,Termeil,male,8,9,a,South,Austroplatypus,150.3636833,-35.4394,92
TSF9bM,Te9b1,Termeil,male,8,9,b,South,Austroplatypus,150.3636833,-35.4394,92
WW4AM,WW4a1,WilliWilli,male,11,4,a,North,Austroplatypus,152.415809,-31.211832,734